{
  "project_info": {
    "project_number": "786702923769",
    "project_id": "proyecto2-de18e",
    "storage_bucket": "proyecto2-de18e.appspot.com"
  },
  "client": [
    {
      "client_info": {
        "mobilesdk_app_id": "1:786702923769:android:a2f9f0b98b551d72e3ef28",
        "android_client_info": {
          "package_name": "com.example.dam_u4_proyecto2_19400526"
        }
      },
      "oauth_client": [
        {
          "client_id": "786702923769-ju12r2sh5oopi96km2gmkr3n10cn971g.apps.googleusercontent.com",
          "client_type": 3
        }
      ],
      "api_key": [
        {
          "current_key": "AIzaSyCxTjIhlyiH0zN66Xts-bKV4PxM-19kSVo"
        }
      ],
      "services": {
        "appinvite_service": {
          "other_platform_oauth_client": [
            {
              "client_id": "786702923769-ju12r2sh5oopi96km2gmkr3n10cn971g.apps.googleusercontent.com",
              "client_type": 3
            }
          ]
        }
      }
    }
  ],
  "configuration_version": "1"
}